Program,Year,Period,Geo Level,State,State ANSI,Commodity,Data Item,Domain,Domain Category,Values
SURVEY,2019,YEAR,STATE,ALABAMA,1,CORN,"CORN, GRAIN - PRICE RECEIVED, MEASURED IN $ / BU",TOTAL,NOT SPECIFIED,4.1725
SURVEY,2019,YEAR,STATE,ALASKA,2,CORN,"CORN, GRAIN - PRICE RECEIVED, MEASURED IN $ / BU",TOTAL,NOT SPECIFIED,0
SURVEY,2019,YEAR,STATE,ARIZONA,4,CORN,"CORN, GRAIN - PRICE RECEIVED, MEASURED IN $ / BU",TOTAL,NOT SPECIFIED,0
SURVEY,2019,YEAR,STATE,ARKANSAS,5,CORN,"CORN, GRAIN - PRICE RECEIVED, MEASURED IN $ / BU",TOTAL,NOT SPECIFIED,3.89
SURVEY,2019,YEAR,STATE,CALIFORNIA,6,CORN,"CORN, GRAIN - PRICE RECEIVED, MEASURED IN $ / BU",TOTAL,NOT SPECIFIED,0
SURVEY,2019,YEAR,STATE,COLORADO,8,CORN,"CORN, GRAIN - PRICE RECEIVED, MEASURED IN $ / BU",TOTAL,NOT SPECIFIED,3.82875
SURVEY,2019,YEAR,STATE,CONNECTICUT,9,CORN,"CORN, GRAIN - PRICE RECEIVED, MEASURED IN $ / BU",TOTAL,NOT SPECIFIED,0
SURVEY,2019,YEAR,STATE,DELAWARE,10,CORN,"CORN, GRAIN - PRICE RECEIVED, MEASURED IN $ / BU",TOTAL,NOT SPECIFIED,0
SURVEY,2019,YEAR,STATE,FLORIDA,12,CORN,"CORN, GRAIN - PRICE RECEIVED, MEASURED IN $ / BU",TOTAL,NOT SPECIFIED,0
SURVEY,2019,YEAR,STATE,GEORGIA,13,CORN,"CORN, GRAIN - PRICE RECEIVED, MEASURED IN $ / BU",TOTAL,NOT SPECIFIED,1.65375
SURVEY,2019,YEAR,STATE,HAWAII,15,CORN,"CORN, GRAIN - PRICE RECEIVED, MEASURED IN $ / BU",TOTAL,NOT SPECIFIED,0
SURVEY,2019,YEAR,STATE,IDAHO,16,CORN,"CORN, GRAIN - PRICE RECEIVED, MEASURED IN $ / BU",TOTAL,NOT SPECIFIED,1.63
SURVEY,2019,YEAR,STATE,ILLINOIS,17,CORN,"CORN, GRAIN - PRICE RECEIVED, MEASURED IN $ / BU",TOTAL,NOT SPECIFIED,3.74375
SURVEY,2019,YEAR,STATE,INDIANA,18,CORN,"CORN, GRAIN - PRICE RECEIVED, MEASURED IN $ / BU",TOTAL,NOT SPECIFIED,3.9925
SURVEY,2019,YEAR,STATE,IOWA,19,CORN,"CORN, GRAIN - PRICE RECEIVED, MEASURED IN $ / BU",TOTAL,NOT SPECIFIED,3.7125
SURVEY,2019,YEAR,STATE,KANSAS,20,CORN,"CORN, GRAIN - PRICE RECEIVED, MEASURED IN $ / BU",TOTAL,NOT SPECIFIED,3.7275
SURVEY,2019,YEAR,STATE,KENTUCKY,21,CORN,"CORN, GRAIN - PRICE RECEIVED, MEASURED IN $ / BU",TOTAL,NOT SPECIFIED,3.9925
SURVEY,2019,YEAR,STATE,LOUISIANA,22,CORN,"CORN, GRAIN - PRICE RECEIVED, MEASURED IN $ / BU",TOTAL,NOT SPECIFIED,1.98
SURVEY,2019,YEAR,STATE,MAINE,23,CORN,"CORN, GRAIN - PRICE RECEIVED, MEASURED IN $ / BU",TOTAL,NOT SPECIFIED,0
SURVEY,2019,YEAR,STATE,MARYLAND,24,CORN,"CORN, GRAIN - PRICE RECEIVED, MEASURED IN $ / BU",TOTAL,NOT SPECIFIED,3.53625
SURVEY,2019,YEAR,STATE,MASSACHUSETTS,25,CORN,"CORN, GRAIN - PRICE RECEIVED, MEASURED IN $ / BU",TOTAL,NOT SPECIFIED,0
SURVEY,2019,YEAR,STATE,MICHIGAN,26,CORN,"CORN, GRAIN - PRICE RECEIVED, MEASURED IN $ / BU",TOTAL,NOT SPECIFIED,3.92
SURVEY,2019,YEAR,STATE,MINNESOTA,27,CORN,"CORN, GRAIN - PRICE RECEIVED, MEASURED IN $ / BU",TOTAL,NOT SPECIFIED,3.555
SURVEY,2019,YEAR,STATE,MISSISSIPPI,28,CORN,"CORN, GRAIN - PRICE RECEIVED, MEASURED IN $ / BU",TOTAL,NOT SPECIFIED,0.98625
SURVEY,2019,YEAR,STATE,MISSOURI,29,CORN,"CORN, GRAIN - PRICE RECEIVED, MEASURED IN $ / BU",TOTAL,NOT SPECIFIED,3.85
SURVEY,2019,YEAR,STATE,MONTANA,30,CORN,"CORN, GRAIN - PRICE RECEIVED, MEASURED IN $ / BU",TOTAL,NOT SPECIFIED,0
SURVEY,2019,YEAR,STATE,NEBRASKA,31,CORN,"CORN, GRAIN - PRICE RECEIVED, MEASURED IN $ / BU",TOTAL,NOT SPECIFIED,3.70125
SURVEY,2019,YEAR,STATE,NEVADA,32,CORN,"CORN, GRAIN - PRICE RECEIVED, MEASURED IN $ / BU",TOTAL,NOT SPECIFIED,0
SURVEY,2019,YEAR,STATE,NEW HAMPSHIRE,33,CORN,"CORN, GRAIN - PRICE RECEIVED, MEASURED IN $ / BU",TOTAL,NOT SPECIFIED,0
SURVEY,2019,YEAR,STATE,NEW JERSEY,34,CORN,"CORN, GRAIN - PRICE RECEIVED, MEASURED IN $ / BU",TOTAL,NOT SPECIFIED,0
SURVEY,2019,YEAR,STATE,NEW MEXICO,35,CORN,"CORN, GRAIN - PRICE RECEIVED, MEASURED IN $ / BU",TOTAL,NOT SPECIFIED,0
SURVEY,2019,YEAR,STATE,NEW YORK,36,CORN,"CORN, GRAIN - PRICE RECEIVED, MEASURED IN $ / BU",TOTAL,NOT SPECIFIED,4.26375
SURVEY,2019,YEAR,STATE,NORTH CAROLINA,37,CORN,"CORN, GRAIN - PRICE RECEIVED, MEASURED IN $ / BU",TOTAL,NOT SPECIFIED,4.5475
SURVEY,2019,YEAR,STATE,NORTH DAKOTA,38,CORN,"CORN, GRAIN - PRICE RECEIVED, MEASURED IN $ / BU",TOTAL,NOT SPECIFIED,3.4
SURVEY,2019,YEAR,STATE,OHIO,39,CORN,"CORN, GRAIN - PRICE RECEIVED, MEASURED IN $ / BU",TOTAL,NOT SPECIFIED,3.97
SURVEY,2019,YEAR,STATE,OKLAHOMA,40,CORN,"CORN, GRAIN - PRICE RECEIVED, MEASURED IN $ / BU",TOTAL,NOT SPECIFIED,4.0125
SURVEY,2019,YEAR,STATE,OREGON,41,CORN,"CORN, GRAIN - PRICE RECEIVED, MEASURED IN $ / BU",TOTAL,NOT SPECIFIED,0
SURVEY,2019,YEAR,STATE,PENNSYLVANIA,42,CORN,"CORN, GRAIN - PRICE RECEIVED, MEASURED IN $ / BU",TOTAL,NOT SPECIFIED,4.34125
SURVEY,2019,YEAR,STATE,RHODE ISLAND,44,CORN,"CORN, GRAIN - PRICE RECEIVED, MEASURED IN $ / BU",TOTAL,NOT SPECIFIED,0
SURVEY,2019,YEAR,STATE,SOUTH CAROLINA,45,CORN,"CORN, GRAIN - PRICE RECEIVED, MEASURED IN $ / BU",TOTAL,NOT SPECIFIED,0
SURVEY,2019,YEAR,STATE,SOUTH DAKOTA,46,CORN,"CORN, GRAIN - PRICE RECEIVED, MEASURED IN $ / BU",TOTAL,NOT SPECIFIED,3.53875
SURVEY,2019,YEAR,STATE,TENNESSEE,47,CORN,"CORN, GRAIN - PRICE RECEIVED, MEASURED IN $ / BU",TOTAL,NOT SPECIFIED,3.96125
SURVEY,2019,YEAR,STATE,TEXAS,48,CORN,"CORN, GRAIN - PRICE RECEIVED, MEASURED IN $ / BU",TOTAL,NOT SPECIFIED,4.32
SURVEY,2019,YEAR,STATE,UTAH,49,CORN,"CORN, GRAIN - PRICE RECEIVED, MEASURED IN $ / BU",TOTAL,NOT SPECIFIED,0
SURVEY,2019,YEAR,STATE,VERMONT,50,CORN,"CORN, GRAIN - PRICE RECEIVED, MEASURED IN $ / BU",TOTAL,NOT SPECIFIED,0
SURVEY,2019,YEAR,STATE,VIRGINIA,51,CORN,"CORN, GRAIN - PRICE RECEIVED, MEASURED IN $ / BU",TOTAL,NOT SPECIFIED,3.8875
SURVEY,2019,YEAR,STATE,WASHINGTON,53,CORN,"CORN, GRAIN - PRICE RECEIVED, MEASURED IN $ / BU",TOTAL,NOT SPECIFIED,0.54375
SURVEY,2019,YEAR,STATE,WEST VIRGINIA,54,CORN,"CORN, GRAIN - PRICE RECEIVED, MEASURED IN $ / BU",TOTAL,NOT SPECIFIED,0
SURVEY,2019,YEAR,STATE,WISCONSIN,55,CORN,"CORN, GRAIN - PRICE RECEIVED, MEASURED IN $ / BU",TOTAL,NOT SPECIFIED,3.64375
SURVEY,2019,YEAR,STATE,WYOMING,56,CORN,"CORN, GRAIN - PRICE RECEIVED, MEASURED IN $ / BU",TOTAL,NOT SPECIFIED,0
SURVEY,2018,YEAR,STATE,ALABAMA,1,CORN,"CORN, GRAIN - PRICE RECEIVED, MEASURED IN $ / BU",TOTAL,NOT SPECIFIED,4.095833333
SURVEY,2018,YEAR,STATE,ALASKA,2,CORN,"CORN, GRAIN - PRICE RECEIVED, MEASURED IN $ / BU",TOTAL,NOT SPECIFIED,0
SURVEY,2018,YEAR,STATE,ARIZONA,4,CORN,"CORN, GRAIN - PRICE RECEIVED, MEASURED IN $ / BU",TOTAL,NOT SPECIFIED,0.393333333
SURVEY,2018,YEAR,STATE,ARKANSAS,5,CORN,"CORN, GRAIN - PRICE RECEIVED, MEASURED IN $ / BU",TOTAL,NOT SPECIFIED,3.7675
SURVEY,2018,YEAR,STATE,CALIFORNIA,6,CORN,"CORN, GRAIN - PRICE RECEIVED, MEASURED IN $ / BU",TOTAL,NOT SPECIFIED,0
SURVEY,2018,YEAR,STATE,COLORADO,8,CORN,"CORN, GRAIN - PRICE RECEIVED, MEASURED IN $ / BU",TOTAL,NOT SPECIFIED,3.520833333
SURVEY,2018,YEAR,STATE,CONNECTICUT,9,CORN,"CORN, GRAIN - PRICE RECEIVED, MEASURED IN $ / BU",TOTAL,NOT SPECIFIED,0
SURVEY,2018,YEAR,STATE,DELAWARE,10,CORN,"CORN, GRAIN - PRICE RECEIVED, MEASURED IN $ / BU",TOTAL,NOT SPECIFIED,0
SURVEY,2018,YEAR,STATE,FLORIDA,12,CORN,"CORN, GRAIN - PRICE RECEIVED, MEASURED IN $ / BU",TOTAL,NOT SPECIFIED,0
SURVEY,2018,YEAR,STATE,GEORGIA,13,CORN,"CORN, GRAIN - PRICE RECEIVED, MEASURED IN $ / BU",TOTAL,NOT SPECIFIED,2.926666667
SURVEY,2018,YEAR,STATE,HAWAII,15,CORN,"CORN, GRAIN - PRICE RECEIVED, MEASURED IN $ / BU",TOTAL,NOT SPECIFIED,0
SURVEY,2018,YEAR,STATE,IDAHO,16,CORN,"CORN, GRAIN - PRICE RECEIVED, MEASURED IN $ / BU",TOTAL,NOT SPECIFIED,3.201666667
SURVEY,2018,YEAR,STATE,ILLINOIS,17,CORN,"CORN, GRAIN - PRICE RECEIVED, MEASURED IN $ / BU",TOTAL,NOT SPECIFIED,3.500833333
SURVEY,2018,YEAR,STATE,INDIANA,18,CORN,"CORN, GRAIN - PRICE RECEIVED, MEASURED IN $ / BU",TOTAL,NOT SPECIFIED,3.634166667
SURVEY,2018,YEAR,STATE,IOWA,19,CORN,"CORN, GRAIN - PRICE RECEIVED, MEASURED IN $ / BU",TOTAL,NOT SPECIFIED,3.41
SURVEY,2018,YEAR,STATE,KANSAS,20,CORN,"CORN, GRAIN - PRICE RECEIVED, MEASURED IN $ / BU",TOTAL,NOT SPECIFIED,3.503333333
SURVEY,2018,YEAR,STATE,KENTUCKY,21,CORN,"CORN, GRAIN - PRICE RECEIVED, MEASURED IN $ / BU",TOTAL,NOT SPECIFIED,3.771666667
SURVEY,2018,YEAR,STATE,LOUISIANA,22,CORN,"CORN, GRAIN - PRICE RECEIVED, MEASURED IN $ / BU",TOTAL,NOT SPECIFIED,2.840833333
SURVEY,2018,YEAR,STATE,MAINE,23,CORN,"CORN, GRAIN - PRICE RECEIVED, MEASURED IN $ / BU",TOTAL,NOT SPECIFIED,0
SURVEY,2018,YEAR,STATE,MARYLAND,24,CORN,"CORN, GRAIN - PRICE RECEIVED, MEASURED IN $ / BU",TOTAL,NOT SPECIFIED,3.191666667
SURVEY,2018,YEAR,STATE,MASSACHUSETTS,25,CORN,"CORN, GRAIN - PRICE RECEIVED, MEASURED IN $ / BU",TOTAL,NOT SPECIFIED,0
SURVEY,2018,YEAR,STATE,MICHIGAN,26,CORN,"CORN, GRAIN - PRICE RECEIVED, MEASURED IN $ / BU",TOTAL,NOT SPECIFIED,3.568333333
SURVEY,2018,YEAR,STATE,MINNESOTA,27,CORN,"CORN, GRAIN - PRICE RECEIVED, MEASURED IN $ / BU",TOTAL,NOT SPECIFIED,3.280833333
SURVEY,2018,YEAR,STATE,MISSISSIPPI,28,CORN,"CORN, GRAIN - PRICE RECEIVED, MEASURED IN $ / BU",TOTAL,NOT SPECIFIED,2.5325
SURVEY,2018,YEAR,STATE,MISSOURI,29,CORN,"CORN, GRAIN - PRICE RECEIVED, MEASURED IN $ / BU",TOTAL,NOT SPECIFIED,3.541666667
SURVEY,2018,YEAR,STATE,MONTANA,30,CORN,"CORN, GRAIN - PRICE RECEIVED, MEASURED IN $ / BU",TOTAL,NOT SPECIFIED,0.578333333
SURVEY,2018,YEAR,STATE,NEBRASKA,31,CORN,"CORN, GRAIN - PRICE RECEIVED, MEASURED IN $ / BU",TOTAL,NOT SPECIFIED,3.455
SURVEY,2018,YEAR,STATE,NEVADA,32,CORN,"CORN, GRAIN - PRICE RECEIVED, MEASURED IN $ / BU",TOTAL,NOT SPECIFIED,0
SURVEY,2018,YEAR,STATE,NEW HAMPSHIRE,33,CORN,"CORN, GRAIN - PRICE RECEIVED, MEASURED IN $ / BU",TOTAL,NOT SPECIFIED,0
SURVEY,2018,YEAR,STATE,NEW JERSEY,34,CORN,"CORN, GRAIN - PRICE RECEIVED, MEASURED IN $ / BU",TOTAL,NOT SPECIFIED,0
SURVEY,2018,YEAR,STATE,NEW MEXICO,35,CORN,"CORN, GRAIN - PRICE RECEIVED, MEASURED IN $ / BU",TOTAL,NOT SPECIFIED,0
SURVEY,2018,YEAR,STATE,NEW YORK,36,CORN,"CORN, GRAIN - PRICE RECEIVED, MEASURED IN $ / BU",TOTAL,NOT SPECIFIED,4.1225
SURVEY,2018,YEAR,STATE,NORTH CAROLINA,37,CORN,"CORN, GRAIN - PRICE RECEIVED, MEASURED IN $ / BU",TOTAL,NOT SPECIFIED,4.075
SURVEY,2018,YEAR,STATE,NORTH DAKOTA,38,CORN,"CORN, GRAIN - PRICE RECEIVED, MEASURED IN $ / BU",TOTAL,NOT SPECIFIED,3.15
SURVEY,2018,YEAR,STATE,OHIO,39,CORN,"CORN, GRAIN - PRICE RECEIVED, MEASURED IN $ / BU",TOTAL,NOT SPECIFIED,3.648333333
SURVEY,2018,YEAR,STATE,OKLAHOMA,40,CORN,"CORN, GRAIN - PRICE RECEIVED, MEASURED IN $ / BU",TOTAL,NOT SPECIFIED,3.489166667
SURVEY,2018,YEAR,STATE,OREGON,41,CORN,"CORN, GRAIN - PRICE RECEIVED, MEASURED IN $ / BU",TOTAL,NOT SPECIFIED,0
SURVEY,2018,YEAR,STATE,PENNSYLVANIA,42,CORN,"CORN, GRAIN - PRICE RECEIVED, MEASURED IN $ / BU",TOTAL,NOT SPECIFIED,3.9975
SURVEY,2018,YEAR,STATE,RHODE ISLAND,44,CORN,"CORN, GRAIN - PRICE RECEIVED, MEASURED IN $ / BU",TOTAL,NOT SPECIFIED,0
SURVEY,2018,YEAR,STATE,SOUTH CAROLINA,45,CORN,"CORN, GRAIN - PRICE RECEIVED, MEASURED IN $ / BU",TOTAL,NOT SPECIFIED,2.645
SURVEY,2018,YEAR,STATE,SOUTH DAKOTA,46,CORN,"CORN, GRAIN - PRICE RECEIVED, MEASURED IN $ / BU",TOTAL,NOT SPECIFIED,3.2175
SURVEY,2018,YEAR,STATE,TENNESSEE,47,CORN,"CORN, GRAIN - PRICE RECEIVED, MEASURED IN $ / BU",TOTAL,NOT SPECIFIED,3.755833333
SURVEY,2018,YEAR,STATE,TEXAS,48,CORN,"CORN, GRAIN - PRICE RECEIVED, MEASURED IN $ / BU",TOTAL,NOT SPECIFIED,3.9375
SURVEY,2018,YEAR,STATE,UTAH,49,CORN,"CORN, GRAIN - PRICE RECEIVED, MEASURED IN $ / BU",TOTAL,NOT SPECIFIED,0.384166667
SURVEY,2018,YEAR,STATE,VERMONT,50,CORN,"CORN, GRAIN - PRICE RECEIVED, MEASURED IN $ / BU",TOTAL,NOT SPECIFIED,0
SURVEY,2018,YEAR,STATE,VIRGINIA,51,CORN,"CORN, GRAIN - PRICE RECEIVED, MEASURED IN $ / BU",TOTAL,NOT SPECIFIED,4.173333333
SURVEY,2018,YEAR,STATE,WASHINGTON,53,CORN,"CORN, GRAIN - PRICE RECEIVED, MEASURED IN $ / BU",TOTAL,NOT SPECIFIED,2.045833333
SURVEY,2018,YEAR,STATE,WEST VIRGINIA,54,CORN,"CORN, GRAIN - PRICE RECEIVED, MEASURED IN $ / BU",TOTAL,NOT SPECIFIED,0
SURVEY,2018,YEAR,STATE,WISCONSIN,55,CORN,"CORN, GRAIN - PRICE RECEIVED, MEASURED IN $ / BU",TOTAL,NOT SPECIFIED,3.409166667
SURVEY,2018,YEAR,STATE,WYOMING,56,CORN,"CORN, GRAIN - PRICE RECEIVED, MEASURED IN $ / BU",TOTAL,NOT SPECIFIED,0.299166667
SURVEY,2017,YEAR,STATE,ALABAMA,1,CORN,"CORN, GRAIN - PRICE RECEIVED, MEASURED IN $ / BU",TOTAL,NOT SPECIFIED,1.3225
SURVEY,2017,YEAR,STATE,ALASKA,2,CORN,"CORN, GRAIN - PRICE RECEIVED, MEASURED IN $ / BU",TOTAL,NOT SPECIFIED,0
SURVEY,2017,YEAR,STATE,ARIZONA,4,CORN,"CORN, GRAIN - PRICE RECEIVED, MEASURED IN $ / BU",TOTAL,NOT SPECIFIED,0
SURVEY,2017,YEAR,STATE,ARKANSAS,5,CORN,"CORN, GRAIN - PRICE RECEIVED, MEASURED IN $ / BU",TOTAL,NOT SPECIFIED,1.139166667
SURVEY,2017,YEAR,STATE,CALIFORNIA,6,CORN,"CORN, GRAIN - PRICE RECEIVED, MEASURED IN $ / BU",TOTAL,NOT SPECIFIED,0
SURVEY,2017,YEAR,STATE,COLORADO,8,CORN,"CORN, GRAIN - PRICE RECEIVED, MEASURED IN $ / BU",TOTAL,NOT SPECIFIED,3.425
SURVEY,2017,YEAR,STATE,CONNECTICUT,9,CORN,"CORN, GRAIN - PRICE RECEIVED, MEASURED IN $ / BU",TOTAL,NOT SPECIFIED,0
SURVEY,2017,YEAR,STATE,DELAWARE,10,CORN,"CORN, GRAIN - PRICE RECEIVED, MEASURED IN $ / BU",TOTAL,NOT SPECIFIED,0
SURVEY,2017,YEAR,STATE,FLORIDA,12,CORN,"CORN, GRAIN - PRICE RECEIVED, MEASURED IN $ / BU",TOTAL,NOT SPECIFIED,0
SURVEY,2017,YEAR,STATE,GEORGIA,13,CORN,"CORN, GRAIN - PRICE RECEIVED, MEASURED IN $ / BU",TOTAL,NOT SPECIFIED,1.418333333
SURVEY,2017,YEAR,STATE,HAWAII,15,CORN,"CORN, GRAIN - PRICE RECEIVED, MEASURED IN $ / BU",TOTAL,NOT SPECIFIED,0
SURVEY,2017,YEAR,STATE,IDAHO,16,CORN,"CORN, GRAIN - PRICE RECEIVED, MEASURED IN $ / BU",TOTAL,NOT SPECIFIED,0.715
SURVEY,2017,YEAR,STATE,ILLINOIS,17,CORN,"CORN, GRAIN - PRICE RECEIVED, MEASURED IN $ / BU",TOTAL,NOT SPECIFIED,3.4225
SURVEY,2017,YEAR,STATE,INDIANA,18,CORN,"CORN, GRAIN - PRICE RECEIVED, MEASURED IN $ / BU",TOTAL,NOT SPECIFIED,3.631666667
SURVEY,2017,YEAR,STATE,IOWA,19,CORN,"CORN, GRAIN - PRICE RECEIVED, MEASURED IN $ / BU",TOTAL,NOT SPECIFIED,3.300833333
SURVEY,2017,YEAR,STATE,KANSAS,20,CORN,"CORN, GRAIN - PRICE RECEIVED, MEASURED IN $ / BU",TOTAL,NOT SPECIFIED,3.2975
SURVEY,2017,YEAR,STATE,KENTUCKY,21,CORN,"CORN, GRAIN - PRICE RECEIVED, MEASURED IN $ / BU",TOTAL,NOT SPECIFIED,3.704166667
SURVEY,2017,YEAR,STATE,LOUISIANA,22,CORN,"CORN, GRAIN - PRICE RECEIVED, MEASURED IN $ / BU",TOTAL,NOT SPECIFIED,1.215
SURVEY,2017,YEAR,STATE,MAINE,23,CORN,"CORN, GRAIN - PRICE RECEIVED, MEASURED IN $ / BU",TOTAL,NOT SPECIFIED,0
SURVEY,2017,YEAR,STATE,MARYLAND,24,CORN,"CORN, GRAIN - PRICE RECEIVED, MEASURED IN $ / BU",TOTAL,NOT SPECIFIED,0.979166667
SURVEY,2017,YEAR,STATE,MASSACHUSETTS,25,CORN,"CORN, GRAIN - PRICE RECEIVED, MEASURED IN $ / BU",TOTAL,NOT SPECIFIED,0
SURVEY,2017,YEAR,STATE,MICHIGAN,26,CORN,"CORN, GRAIN - PRICE RECEIVED, MEASURED IN $ / BU",TOTAL,NOT SPECIFIED,3.4675
SURVEY,2017,YEAR,STATE,MINNESOTA,27,CORN,"CORN, GRAIN - PRICE RECEIVED, MEASURED IN $ / BU",TOTAL,NOT SPECIFIED,3.1575
SURVEY,2017,YEAR,STATE,MISSISSIPPI,28,CORN,"CORN, GRAIN - PRICE RECEIVED, MEASURED IN $ / BU",TOTAL,NOT SPECIFIED,1.214166667
SURVEY,2017,YEAR,STATE,MISSOURI,29,CORN,"CORN, GRAIN - PRICE RECEIVED, MEASURED IN $ / BU",TOTAL,NOT SPECIFIED,3.413333333
SURVEY,2017,YEAR,STATE,MONTANA,30,CORN,"CORN, GRAIN - PRICE RECEIVED, MEASURED IN $ / BU",TOTAL,NOT SPECIFIED,0
SURVEY,2017,YEAR,STATE,NEBRASKA,31,CORN,"CORN, GRAIN - PRICE RECEIVED, MEASURED IN $ / BU",TOTAL,NOT SPECIFIED,3.323333333
SURVEY,2017,YEAR,STATE,NEVADA,32,CORN,"CORN, GRAIN - PRICE RECEIVED, MEASURED IN $ / BU",TOTAL,NOT SPECIFIED,0
SURVEY,2017,YEAR,STATE,NEW HAMPSHIRE,33,CORN,"CORN, GRAIN - PRICE RECEIVED, MEASURED IN $ / BU",TOTAL,NOT SPECIFIED,0
SURVEY,2017,YEAR,STATE,NEW JERSEY,34,CORN,"CORN, GRAIN - PRICE RECEIVED, MEASURED IN $ / BU",TOTAL,NOT SPECIFIED,0
SURVEY,2017,YEAR,STATE,NEW MEXICO,35,CORN,"CORN, GRAIN - PRICE RECEIVED, MEASURED IN $ / BU",TOTAL,NOT SPECIFIED,0
SURVEY,2017,YEAR,STATE,NEW YORK,36,CORN,"CORN, GRAIN - PRICE RECEIVED, MEASURED IN $ / BU",TOTAL,NOT SPECIFIED,1.285833333
SURVEY,2017,YEAR,STATE,NORTH CAROLINA,37,CORN,"CORN, GRAIN - PRICE RECEIVED, MEASURED IN $ / BU",TOTAL,NOT SPECIFIED,4.269166667
SURVEY,2017,YEAR,STATE,NORTH DAKOTA,38,CORN,"CORN, GRAIN - PRICE RECEIVED, MEASURED IN $ / BU",TOTAL,NOT SPECIFIED,2.983333333
SURVEY,2017,YEAR,STATE,OHIO,39,CORN,"CORN, GRAIN - PRICE RECEIVED, MEASURED IN $ / BU",TOTAL,NOT SPECIFIED,3.620833333
SURVEY,2017,YEAR,STATE,OKLAHOMA,40,CORN,"CORN, GRAIN - PRICE RECEIVED, MEASURED IN $ / BU",TOTAL,NOT SPECIFIED,1.160833333
SURVEY,2017,YEAR,STATE,OREGON,41,CORN,"CORN, GRAIN - PRICE RECEIVED, MEASURED IN $ / BU",TOTAL,NOT SPECIFIED,0
SURVEY,2017,YEAR,STATE,PENNSYLVANIA,42,CORN,"CORN, GRAIN - PRICE RECEIVED, MEASURED IN $ / BU",TOTAL,NOT SPECIFIED,4.0625
SURVEY,2017,YEAR,STATE,RHODE ISLAND,44,CORN,"CORN, GRAIN - PRICE RECEIVED, MEASURED IN $ / BU",TOTAL,NOT SPECIFIED,0
SURVEY,2017,YEAR,STATE,SOUTH CAROLINA,45,CORN,"CORN, GRAIN - PRICE RECEIVED, MEASURED IN $ / BU",TOTAL,NOT SPECIFIED,1.435833333
SURVEY,2017,YEAR,STATE,SOUTH DAKOTA,46,CORN,"CORN, GRAIN - PRICE RECEIVED, MEASURED IN $ / BU",TOTAL,NOT SPECIFIED,3.054166667
SURVEY,2017,YEAR,STATE,TENNESSEE,47,CORN,"CORN, GRAIN - PRICE RECEIVED, MEASURED IN $ / BU",TOTAL,NOT SPECIFIED,3.685
SURVEY,2017,YEAR,STATE,TEXAS,48,CORN,"CORN, GRAIN - PRICE RECEIVED, MEASURED IN $ / BU",TOTAL,NOT SPECIFIED,3.726666667
SURVEY,2017,YEAR,STATE,UTAH,49,CORN,"CORN, GRAIN - PRICE RECEIVED, MEASURED IN $ / BU",TOTAL,NOT SPECIFIED,0.618333333
SURVEY,2017,YEAR,STATE,VERMONT,50,CORN,"CORN, GRAIN - PRICE RECEIVED, MEASURED IN $ / BU",TOTAL,NOT SPECIFIED,0
SURVEY,2017,YEAR,STATE,VIRGINIA,51,CORN,"CORN, GRAIN - PRICE RECEIVED, MEASURED IN $ / BU",TOTAL,NOT SPECIFIED,0.994166667
SURVEY,2017,YEAR,STATE,WASHINGTON,53,CORN,"CORN, GRAIN - PRICE RECEIVED, MEASURED IN $ / BU",TOTAL,NOT SPECIFIED,0
SURVEY,2017,YEAR,STATE,WEST VIRGINIA,54,CORN,"CORN, GRAIN - PRICE RECEIVED, MEASURED IN $ / BU",TOTAL,NOT SPECIFIED,0
SURVEY,2017,YEAR,STATE,WISCONSIN,55,CORN,"CORN, GRAIN - PRICE RECEIVED, MEASURED IN $ / BU",TOTAL,NOT SPECIFIED,3.311666667
SURVEY,2017,YEAR,STATE,WYOMING,56,CORN,"CORN, GRAIN - PRICE RECEIVED, MEASURED IN $ / BU",TOTAL,NOT SPECIFIED,0
SURVEY,2016,YEAR,STATE,ALABAMA,1,CORN,"CORN, GRAIN - PRICE RECEIVED, MEASURED IN $ / BU",TOTAL,NOT SPECIFIED,0
SURVEY,2016,YEAR,STATE,ALASKA,2,CORN,"CORN, GRAIN - PRICE RECEIVED, MEASURED IN $ / BU",TOTAL,NOT SPECIFIED,0
SURVEY,2016,YEAR,STATE,ARIZONA,4,CORN,"CORN, GRAIN - PRICE RECEIVED, MEASURED IN $ / BU",TOTAL,NOT SPECIFIED,0
SURVEY,2016,YEAR,STATE,ARKANSAS,5,CORN,"CORN, GRAIN - PRICE RECEIVED, MEASURED IN $ / BU",TOTAL,NOT SPECIFIED,0
SURVEY,2016,YEAR,STATE,CALIFORNIA,6,CORN,"CORN, GRAIN - PRICE RECEIVED, MEASURED IN $ / BU",TOTAL,NOT SPECIFIED,0
SURVEY,2016,YEAR,STATE,COLORADO,8,CORN,"CORN, GRAIN - PRICE RECEIVED, MEASURED IN $ / BU",TOTAL,NOT SPECIFIED,3.545
SURVEY,2016,YEAR,STATE,CONNECTICUT,9,CORN,"CORN, GRAIN - PRICE RECEIVED, MEASURED IN $ / BU",TOTAL,NOT SPECIFIED,0
SURVEY,2016,YEAR,STATE,DELAWARE,10,CORN,"CORN, GRAIN - PRICE RECEIVED, MEASURED IN $ / BU",TOTAL,NOT SPECIFIED,0
SURVEY,2016,YEAR,STATE,FLORIDA,12,CORN,"CORN, GRAIN - PRICE RECEIVED, MEASURED IN $ / BU",TOTAL,NOT SPECIFIED,0
SURVEY,2016,YEAR,STATE,GEORGIA,13,CORN,"CORN, GRAIN - PRICE RECEIVED, MEASURED IN $ / BU",TOTAL,NOT SPECIFIED,0
SURVEY,2016,YEAR,STATE,HAWAII,15,CORN,"CORN, GRAIN - PRICE RECEIVED, MEASURED IN $ / BU",TOTAL,NOT SPECIFIED,0
SURVEY,2016,YEAR,STATE,IDAHO,16,CORN,"CORN, GRAIN - PRICE RECEIVED, MEASURED IN $ / BU",TOTAL,NOT SPECIFIED,0
SURVEY,2016,YEAR,STATE,ILLINOIS,17,CORN,"CORN, GRAIN - PRICE RECEIVED, MEASURED IN $ / BU",TOTAL,NOT SPECIFIED,3.55
SURVEY,2016,YEAR,STATE,INDIANA,18,CORN,"CORN, GRAIN - PRICE RECEIVED, MEASURED IN $ / BU",TOTAL,NOT SPECIFIED,3.7825
SURVEY,2016,YEAR,STATE,IOWA,19,CORN,"CORN, GRAIN - PRICE RECEIVED, MEASURED IN $ / BU",TOTAL,NOT SPECIFIED,3.403333333
SURVEY,2016,YEAR,STATE,KANSAS,20,CORN,"CORN, GRAIN - PRICE RECEIVED, MEASURED IN $ / BU",TOTAL,NOT SPECIFIED,3.4375
SURVEY,2016,YEAR,STATE,KENTUCKY,21,CORN,"CORN, GRAIN - PRICE RECEIVED, MEASURED IN $ / BU",TOTAL,NOT SPECIFIED,3.804166667
SURVEY,2016,YEAR,STATE,LOUISIANA,22,CORN,"CORN, GRAIN - PRICE RECEIVED, MEASURED IN $ / BU",TOTAL,NOT SPECIFIED,0
SURVEY,2016,YEAR,STATE,MAINE,23,CORN,"CORN, GRAIN - PRICE RECEIVED, MEASURED IN $ / BU",TOTAL,NOT SPECIFIED,0
SURVEY,2016,YEAR,STATE,MARYLAND,24,CORN,"CORN, GRAIN - PRICE RECEIVED, MEASURED IN $ / BU",TOTAL,NOT SPECIFIED,0
SURVEY,2016,YEAR,STATE,MASSACHUSETTS,25,CORN,"CORN, GRAIN - PRICE RECEIVED, MEASURED IN $ / BU",TOTAL,NOT SPECIFIED,0
SURVEY,2016,YEAR,STATE,MICHIGAN,26,CORN,"CORN, GRAIN - PRICE RECEIVED, MEASURED IN $ / BU",TOTAL,NOT SPECIFIED,3.5725
SURVEY,2016,YEAR,STATE,MINNESOTA,27,CORN,"CORN, GRAIN - PRICE RECEIVED, MEASURED IN $ / BU",TOTAL,NOT SPECIFIED,3.281666667
SURVEY,2016,YEAR,STATE,MISSISSIPPI,28,CORN,"CORN, GRAIN - PRICE RECEIVED, MEASURED IN $ / BU",TOTAL,NOT SPECIFIED,0
SURVEY,2016,YEAR,STATE,MISSOURI,29,CORN,"CORN, GRAIN - PRICE RECEIVED, MEASURED IN $ / BU",TOTAL,NOT SPECIFIED,3.545833333
SURVEY,2016,YEAR,STATE,MONTANA,30,CORN,"CORN, GRAIN - PRICE RECEIVED, MEASURED IN $ / BU",TOTAL,NOT SPECIFIED,0
SURVEY,2016,YEAR,STATE,NEBRASKA,31,CORN,"CORN, GRAIN - PRICE RECEIVED, MEASURED IN $ / BU",TOTAL,NOT SPECIFIED,3.420833333
SURVEY,2016,YEAR,STATE,NEVADA,32,CORN,"CORN, GRAIN - PRICE RECEIVED, MEASURED IN $ / BU",TOTAL,NOT SPECIFIED,0
SURVEY,2016,YEAR,STATE,NEW HAMPSHIRE,33,CORN,"CORN, GRAIN - PRICE RECEIVED, MEASURED IN $ / BU",TOTAL,NOT SPECIFIED,0
SURVEY,2016,YEAR,STATE,NEW JERSEY,34,CORN,"CORN, GRAIN - PRICE RECEIVED, MEASURED IN $ / BU",TOTAL,NOT SPECIFIED,0
SURVEY,2016,YEAR,STATE,NEW MEXICO,35,CORN,"CORN, GRAIN - PRICE RECEIVED, MEASURED IN $ / BU",TOTAL,NOT SPECIFIED,0
SURVEY,2016,YEAR,STATE,NEW YORK,36,CORN,"CORN, GRAIN - PRICE RECEIVED, MEASURED IN $ / BU",TOTAL,NOT SPECIFIED,0
SURVEY,2016,YEAR,STATE,NORTH CAROLINA,37,CORN,"CORN, GRAIN - PRICE RECEIVED, MEASURED IN $ / BU",TOTAL,NOT SPECIFIED,4.313333333
SURVEY,2016,YEAR,STATE,NORTH DAKOTA,38,CORN,"CORN, GRAIN - PRICE RECEIVED, MEASURED IN $ / BU",TOTAL,NOT SPECIFIED,3.1925
SURVEY,2016,YEAR,STATE,OHIO,39,CORN,"CORN, GRAIN - PRICE RECEIVED, MEASURED IN $ / BU",TOTAL,NOT SPECIFIED,3.740833333
SURVEY,2016,YEAR,STATE,OKLAHOMA,40,CORN,"CORN, GRAIN - PRICE RECEIVED, MEASURED IN $ / BU",TOTAL,NOT SPECIFIED,0
SURVEY,2016,YEAR,STATE,OREGON,41,CORN,"CORN, GRAIN - PRICE RECEIVED, MEASURED IN $ / BU",TOTAL,NOT SPECIFIED,0
SURVEY,2016,YEAR,STATE,PENNSYLVANIA,42,CORN,"CORN, GRAIN - PRICE RECEIVED, MEASURED IN $ / BU",TOTAL,NOT SPECIFIED,4.010833333
SURVEY,2016,YEAR,STATE,RHODE ISLAND,44,CORN,"CORN, GRAIN - PRICE RECEIVED, MEASURED IN $ / BU",TOTAL,NOT SPECIFIED,0
SURVEY,2016,YEAR,STATE,SOUTH CAROLINA,45,CORN,"CORN, GRAIN - PRICE RECEIVED, MEASURED IN $ / BU",TOTAL,NOT SPECIFIED,0
SURVEY,2016,YEAR,STATE,SOUTH DAKOTA,46,CORN,"CORN, GRAIN - PRICE RECEIVED, MEASURED IN $ / BU",TOTAL,NOT SPECIFIED,3.195833333
SURVEY,2016,YEAR,STATE,TENNESSEE,47,CORN,"CORN, GRAIN - PRICE RECEIVED, MEASURED IN $ / BU",TOTAL,NOT SPECIFIED,3.858333333
SURVEY,2016,YEAR,STATE,TEXAS,48,CORN,"CORN, GRAIN - PRICE RECEIVED, MEASURED IN $ / BU",TOTAL,NOT SPECIFIED,3.885833333
SURVEY,2016,YEAR,STATE,UTAH,49,CORN,"CORN, GRAIN - PRICE RECEIVED, MEASURED IN $ / BU",TOTAL,NOT SPECIFIED,0
SURVEY,2016,YEAR,STATE,VERMONT,50,CORN,"CORN, GRAIN - PRICE RECEIVED, MEASURED IN $ / BU",TOTAL,NOT SPECIFIED,0
SURVEY,2016,YEAR,STATE,VIRGINIA,51,CORN,"CORN, GRAIN - PRICE RECEIVED, MEASURED IN $ / BU",TOTAL,NOT SPECIFIED,0
SURVEY,2016,YEAR,STATE,WASHINGTON,53,CORN,"CORN, GRAIN - PRICE RECEIVED, MEASURED IN $ / BU",TOTAL,NOT SPECIFIED,0
SURVEY,2016,YEAR,STATE,WEST VIRGINIA,54,CORN,"CORN, GRAIN - PRICE RECEIVED, MEASURED IN $ / BU",TOTAL,NOT SPECIFIED,0
SURVEY,2016,YEAR,STATE,WISCONSIN,55,CORN,"CORN, GRAIN - PRICE RECEIVED, MEASURED IN $ / BU",TOTAL,NOT SPECIFIED,3.375
SURVEY,2016,YEAR,STATE,WYOMING,56,CORN,"CORN, GRAIN - PRICE RECEIVED, MEASURED IN $ / BU",TOTAL,NOT SPECIFIED,0
SURVEY,2015,YEAR,STATE,COLORADO,8,CORN,"CORN, GRAIN - PRICE RECEIVED, MEASURED IN $ / BU",TOTAL,NOT SPECIFIED,3.843333333
SURVEY,2015,YEAR,STATE,ILLINOIS,17,CORN,"CORN, GRAIN - PRICE RECEIVED, MEASURED IN $ / BU",TOTAL,NOT SPECIFIED,3.7275
SURVEY,2015,YEAR,STATE,INDIANA,18,CORN,"CORN, GRAIN - PRICE RECEIVED, MEASURED IN $ / BU",TOTAL,NOT SPECIFIED,3.873333333
SURVEY,2015,YEAR,STATE,IOWA,19,CORN,"CORN, GRAIN - PRICE RECEIVED, MEASURED IN $ / BU",TOTAL,NOT SPECIFIED,3.673333333
SURVEY,2015,YEAR,STATE,KANSAS,20,CORN,"CORN, GRAIN - PRICE RECEIVED, MEASURED IN $ / BU",TOTAL,NOT SPECIFIED,3.834166667
SURVEY,2015,YEAR,STATE,KENTUCKY,21,CORN,"CORN, GRAIN - PRICE RECEIVED, MEASURED IN $ / BU",TOTAL,NOT SPECIFIED,3.97
SURVEY,2015,YEAR,STATE,MICHIGAN,26,CORN,"CORN, GRAIN - PRICE RECEIVED, MEASURED IN $ / BU",TOTAL,NOT SPECIFIED,3.660833333
SURVEY,2015,YEAR,STATE,MINNESOTA,27,CORN,"CORN, GRAIN - PRICE RECEIVED, MEASURED IN $ / BU",TOTAL,NOT SPECIFIED,3.540833333
SURVEY,2015,YEAR,STATE,MISSOURI,29,CORN,"CORN, GRAIN - PRICE RECEIVED, MEASURED IN $ / BU",TOTAL,NOT SPECIFIED,3.701666667
SURVEY,2015,YEAR,STATE,NEBRASKA,31,CORN,"CORN, GRAIN - PRICE RECEIVED, MEASURED IN $ / BU",TOTAL,NOT SPECIFIED,3.754166667
SURVEY,2015,YEAR,STATE,NORTH CAROLINA,37,CORN,"CORN, GRAIN - PRICE RECEIVED, MEASURED IN $ / BU",TOTAL,NOT SPECIFIED,4.373333333
SURVEY,2015,YEAR,STATE,NORTH DAKOTA,38,CORN,"CORN, GRAIN - PRICE RECEIVED, MEASURED IN $ / BU",TOTAL,NOT SPECIFIED,3.3375
SURVEY,2015,YEAR,STATE,OHIO,39,CORN,"CORN, GRAIN - PRICE RECEIVED, MEASURED IN $ / BU",TOTAL,NOT SPECIFIED,3.870833333
SURVEY,2015,YEAR,STATE,PENNSYLVANIA,42,CORN,"CORN, GRAIN - PRICE RECEIVED, MEASURED IN $ / BU",TOTAL,NOT SPECIFIED,3.959166667
SURVEY,2015,YEAR,STATE,SOUTH DAKOTA,46,CORN,"CORN, GRAIN - PRICE RECEIVED, MEASURED IN $ / BU",TOTAL,NOT SPECIFIED,3.380833333
SURVEY,2015,YEAR,STATE,TENNESSEE,47,CORN,"CORN, GRAIN - PRICE RECEIVED, MEASURED IN $ / BU",TOTAL,NOT SPECIFIED,4.008333333
SURVEY,2015,YEAR,STATE,TEXAS,48,CORN,"CORN, GRAIN - PRICE RECEIVED, MEASURED IN $ / BU",TOTAL,NOT SPECIFIED,4.255
SURVEY,2015,YEAR,STATE,WISCONSIN,55,CORN,"CORN, GRAIN - PRICE RECEIVED, MEASURED IN $ / BU",TOTAL,NOT SPECIFIED,3.610833333
SURVEY,2014,YEAR,STATE,COLORADO,8,CORN,"CORN, GRAIN - PRICE RECEIVED, MEASURED IN $ / BU",TOTAL,NOT SPECIFIED,4.424166667
SURVEY,2014,YEAR,STATE,ILLINOIS,17,CORN,"CORN, GRAIN - PRICE RECEIVED, MEASURED IN $ / BU",TOTAL,NOT SPECIFIED,4.1725
SURVEY,2014,YEAR,STATE,INDIANA,18,CORN,"CORN, GRAIN - PRICE RECEIVED, MEASURED IN $ / BU",TOTAL,NOT SPECIFIED,4.200833333
SURVEY,2014,YEAR,STATE,IOWA,19,CORN,"CORN, GRAIN - PRICE RECEIVED, MEASURED IN $ / BU",TOTAL,NOT SPECIFIED,4.1325
SURVEY,2014,YEAR,STATE,KANSAS,20,CORN,"CORN, GRAIN - PRICE RECEIVED, MEASURED IN $ / BU",TOTAL,NOT SPECIFIED,4.1825
SURVEY,2014,YEAR,STATE,KENTUCKY,21,CORN,"CORN, GRAIN - PRICE RECEIVED, MEASURED IN $ / BU",TOTAL,NOT SPECIFIED,4.36
SURVEY,2014,YEAR,STATE,MICHIGAN,26,CORN,"CORN, GRAIN - PRICE RECEIVED, MEASURED IN $ / BU",TOTAL,NOT SPECIFIED,4.024166667
SURVEY,2014,YEAR,STATE,MINNESOTA,27,CORN,"CORN, GRAIN - PRICE RECEIVED, MEASURED IN $ / BU",TOTAL,NOT SPECIFIED,3.965833333
SURVEY,2014,YEAR,STATE,MISSOURI,29,CORN,"CORN, GRAIN - PRICE RECEIVED, MEASURED IN $ / BU",TOTAL,NOT SPECIFIED,4.15
SURVEY,2014,YEAR,STATE,NEBRASKA,31,CORN,"CORN, GRAIN - PRICE RECEIVED, MEASURED IN $ / BU",TOTAL,NOT SPECIFIED,4.136666667
SURVEY,2014,YEAR,STATE,NORTH CAROLINA,37,CORN,"CORN, GRAIN - PRICE RECEIVED, MEASURED IN $ / BU",TOTAL,NOT SPECIFIED,4.678333333
SURVEY,2014,YEAR,STATE,NORTH DAKOTA,38,CORN,"CORN, GRAIN - PRICE RECEIVED, MEASURED IN $ / BU",TOTAL,NOT SPECIFIED,3.663333333
SURVEY,2014,YEAR,STATE,OHIO,39,CORN,"CORN, GRAIN - PRICE RECEIVED, MEASURED IN $ / BU",TOTAL,NOT SPECIFIED,4.136666667
SURVEY,2014,YEAR,STATE,PENNSYLVANIA,42,CORN,"CORN, GRAIN - PRICE RECEIVED, MEASURED IN $ / BU",TOTAL,NOT SPECIFIED,4.33
SURVEY,2014,YEAR,STATE,SOUTH DAKOTA,46,CORN,"CORN, GRAIN - PRICE RECEIVED, MEASURED IN $ / BU",TOTAL,NOT SPECIFIED,3.6925
SURVEY,2014,YEAR,STATE,TENNESSEE,47,CORN,"CORN, GRAIN - PRICE RECEIVED, MEASURED IN $ / BU",TOTAL,NOT SPECIFIED,4.54
SURVEY,2014,YEAR,STATE,TEXAS,48,CORN,"CORN, GRAIN - PRICE RECEIVED, MEASURED IN $ / BU",TOTAL,NOT SPECIFIED,4.671666667
SURVEY,2014,YEAR,STATE,WISCONSIN,55,CORN,"CORN, GRAIN - PRICE RECEIVED, MEASURED IN $ / BU",TOTAL,NOT SPECIFIED,4.135833333
SURVEY,2013,YEAR,STATE,COLORADO,8,CORN,"CORN, GRAIN - PRICE RECEIVED, MEASURED IN $ / BU",TOTAL,NOT SPECIFIED,6.404166667
SURVEY,2013,YEAR,STATE,ILLINOIS,17,CORN,"CORN, GRAIN - PRICE RECEIVED, MEASURED IN $ / BU",TOTAL,NOT SPECIFIED,6.121666667
SURVEY,2013,YEAR,STATE,INDIANA,18,CORN,"CORN, GRAIN - PRICE RECEIVED, MEASURED IN $ / BU",TOTAL,NOT SPECIFIED,6.219166667
SURVEY,2013,YEAR,STATE,IOWA,19,CORN,"CORN, GRAIN - PRICE RECEIVED, MEASURED IN $ / BU",TOTAL,NOT SPECIFIED,6.226666667
SURVEY,2013,YEAR,STATE,KANSAS,20,CORN,"CORN, GRAIN - PRICE RECEIVED, MEASURED IN $ / BU",TOTAL,NOT SPECIFIED,6.171666667
SURVEY,2013,YEAR,STATE,KENTUCKY,21,CORN,"CORN, GRAIN - PRICE RECEIVED, MEASURED IN $ / BU",TOTAL,NOT SPECIFIED,6.21
SURVEY,2013,YEAR,STATE,MICHIGAN,26,CORN,"CORN, GRAIN - PRICE RECEIVED, MEASURED IN $ / BU",TOTAL,NOT SPECIFIED,5.948333333
SURVEY,2013,YEAR,STATE,MINNESOTA,27,CORN,"CORN, GRAIN - PRICE RECEIVED, MEASURED IN $ / BU",TOTAL,NOT SPECIFIED,6.1425
SURVEY,2013,YEAR,STATE,MISSOURI,29,CORN,"CORN, GRAIN - PRICE RECEIVED, MEASURED IN $ / BU",TOTAL,NOT SPECIFIED,6.370833333
SURVEY,2013,YEAR,STATE,NEBRASKA,31,CORN,"CORN, GRAIN - PRICE RECEIVED, MEASURED IN $ / BU",TOTAL,NOT SPECIFIED,6.2325
SURVEY,2013,YEAR,STATE,NORTH CAROLINA,37,CORN,"CORN, GRAIN - PRICE RECEIVED, MEASURED IN $ / BU",TOTAL,NOT SPECIFIED,6.455
SURVEY,2013,YEAR,STATE,NORTH DAKOTA,38,CORN,"CORN, GRAIN - PRICE RECEIVED, MEASURED IN $ / BU",TOTAL,NOT SPECIFIED,5.815833333
SURVEY,2013,YEAR,STATE,OHIO,39,CORN,"CORN, GRAIN - PRICE RECEIVED, MEASURED IN $ / BU",TOTAL,NOT SPECIFIED,6.189166667
SURVEY,2013,YEAR,STATE,PENNSYLVANIA,42,CORN,"CORN, GRAIN - PRICE RECEIVED, MEASURED IN $ / BU",TOTAL,NOT SPECIFIED,6.139166667
SURVEY,2013,YEAR,STATE,SOUTH DAKOTA,46,CORN,"CORN, GRAIN - PRICE RECEIVED, MEASURED IN $ / BU",TOTAL,NOT SPECIFIED,5.925
SURVEY,2013,YEAR,STATE,TENNESSEE,47,CORN,"CORN, GRAIN - PRICE RECEIVED, MEASURED IN $ / BU",TOTAL,NOT SPECIFIED,6.441666667
SURVEY,2013,YEAR,STATE,TEXAS,48,CORN,"CORN, GRAIN - PRICE RECEIVED, MEASURED IN $ / BU",TOTAL,NOT SPECIFIED,6.266666667
SURVEY,2013,YEAR,STATE,WISCONSIN,55,CORN,"CORN, GRAIN - PRICE RECEIVED, MEASURED IN $ / BU",TOTAL,NOT SPECIFIED,6.130833333
SURVEY,2012,YEAR,STATE,COLORADO,8,CORN,"CORN, GRAIN - PRICE RECEIVED, MEASURED IN $ / BU",TOTAL,NOT SPECIFIED,6.586666667
SURVEY,2012,YEAR,STATE,ILLINOIS,17,CORN,"CORN, GRAIN - PRICE RECEIVED, MEASURED IN $ / BU",TOTAL,NOT SPECIFIED,6.715833333
SURVEY,2012,YEAR,STATE,INDIANA,18,CORN,"CORN, GRAIN - PRICE RECEIVED, MEASURED IN $ / BU",TOTAL,NOT SPECIFIED,6.960833333
SURVEY,2012,YEAR,STATE,IOWA,19,CORN,"CORN, GRAIN - PRICE RECEIVED, MEASURED IN $ / BU",TOTAL,NOT SPECIFIED,6.6675
SURVEY,2012,YEAR,STATE,KANSAS,20,CORN,"CORN, GRAIN - PRICE RECEIVED, MEASURED IN $ / BU",TOTAL,NOT SPECIFIED,6.756666667
SURVEY,2012,YEAR,STATE,KENTUCKY,21,CORN,"CORN, GRAIN - PRICE RECEIVED, MEASURED IN $ / BU",TOTAL,NOT SPECIFIED,6.763333333
SURVEY,2012,YEAR,STATE,MICHIGAN,26,CORN,"CORN, GRAIN - PRICE RECEIVED, MEASURED IN $ / BU",TOTAL,NOT SPECIFIED,6.69
SURVEY,2012,YEAR,STATE,MINNESOTA,27,CORN,"CORN, GRAIN - PRICE RECEIVED, MEASURED IN $ / BU",TOTAL,NOT SPECIFIED,6.448333333
SURVEY,2012,YEAR,STATE,MISSOURI,29,CORN,"CORN, GRAIN - PRICE RECEIVED, MEASURED IN $ / BU",TOTAL,NOT SPECIFIED,6.9025
SURVEY,2012,YEAR,STATE,NEBRASKA,31,CORN,"CORN, GRAIN - PRICE RECEIVED, MEASURED IN $ / BU",TOTAL,NOT SPECIFIED,6.630833333
SURVEY,2012,YEAR,STATE,NORTH CAROLINA,37,CORN,"CORN, GRAIN - PRICE RECEIVED, MEASURED IN $ / BU",TOTAL,NOT SPECIFIED,7.286666667
SURVEY,2012,YEAR,STATE,NORTH DAKOTA,38,CORN,"CORN, GRAIN - PRICE RECEIVED, MEASURED IN $ / BU",TOTAL,NOT SPECIFIED,6.285833333
SURVEY,2012,YEAR,STATE,OHIO,39,CORN,"CORN, GRAIN - PRICE RECEIVED, MEASURED IN $ / BU",TOTAL,NOT SPECIFIED,6.904166667
SURVEY,2012,YEAR,STATE,PENNSYLVANIA,42,CORN,"CORN, GRAIN - PRICE RECEIVED, MEASURED IN $ / BU",TOTAL,NOT SPECIFIED,7.271666667
SURVEY,2012,YEAR,STATE,SOUTH DAKOTA,46,CORN,"CORN, GRAIN - PRICE RECEIVED, MEASURED IN $ / BU",TOTAL,NOT SPECIFIED,6.463333333
SURVEY,2012,YEAR,STATE,TENNESSEE,47,CORN,"CORN, GRAIN - PRICE RECEIVED, MEASURED IN $ / BU",TOTAL,NOT SPECIFIED,7.071666667
SURVEY,2012,YEAR,STATE,TEXAS,48,CORN,"CORN, GRAIN - PRICE RECEIVED, MEASURED IN $ / BU",TOTAL,NOT SPECIFIED,6.995833333
SURVEY,2012,YEAR,STATE,WISCONSIN,55,CORN,"CORN, GRAIN - PRICE RECEIVED, MEASURED IN $ / BU",TOTAL,NOT SPECIFIED,6.495833333
SURVEY,2011,YEAR,STATE,COLORADO,8,CORN,"CORN, GRAIN - PRICE RECEIVED, MEASURED IN $ / BU",TOTAL,NOT SPECIFIED,6.041666667
SURVEY,2011,YEAR,STATE,ILLINOIS,17,CORN,"CORN, GRAIN - PRICE RECEIVED, MEASURED IN $ / BU",TOTAL,NOT SPECIFIED,6.141666667
SURVEY,2011,YEAR,STATE,INDIANA,18,CORN,"CORN, GRAIN - PRICE RECEIVED, MEASURED IN $ / BU",TOTAL,NOT SPECIFIED,6.240833333
SURVEY,2011,YEAR,STATE,IOWA,19,CORN,"CORN, GRAIN - PRICE RECEIVED, MEASURED IN $ / BU",TOTAL,NOT SPECIFIED,5.964166667
SURVEY,2011,YEAR,STATE,KANSAS,20,CORN,"CORN, GRAIN - PRICE RECEIVED, MEASURED IN $ / BU",TOTAL,NOT SPECIFIED,6.331666667
SURVEY,2011,YEAR,STATE,KENTUCKY,21,CORN,"CORN, GRAIN - PRICE RECEIVED, MEASURED IN $ / BU",TOTAL,NOT SPECIFIED,6.236666667
SURVEY,2011,YEAR,STATE,MICHIGAN,26,CORN,"CORN, GRAIN - PRICE RECEIVED, MEASURED IN $ / BU",TOTAL,NOT SPECIFIED,6.22
SURVEY,2011,YEAR,STATE,MINNESOTA,27,CORN,"CORN, GRAIN - PRICE RECEIVED, MEASURED IN $ / BU",TOTAL,NOT SPECIFIED,5.635
SURVEY,2011,YEAR,STATE,MISSOURI,29,CORN,"CORN, GRAIN - PRICE RECEIVED, MEASURED IN $ / BU",TOTAL,NOT SPECIFIED,6.2175
SURVEY,2011,YEAR,STATE,NEBRASKA,31,CORN,"CORN, GRAIN - PRICE RECEIVED, MEASURED IN $ / BU",TOTAL,NOT SPECIFIED,5.916666667
SURVEY,2011,YEAR,STATE,NORTH CAROLINA,37,CORN,"CORN, GRAIN - PRICE RECEIVED, MEASURED IN $ / BU",TOTAL,NOT SPECIFIED,7.033333333
SURVEY,2011,YEAR,STATE,NORTH DAKOTA,38,CORN,"CORN, GRAIN - PRICE RECEIVED, MEASURED IN $ / BU",TOTAL,NOT SPECIFIED,5.646666667
SURVEY,2011,YEAR,STATE,OHIO,39,CORN,"CORN, GRAIN - PRICE RECEIVED, MEASURED IN $ / BU",TOTAL,NOT SPECIFIED,6.434166667
SURVEY,2011,YEAR,STATE,PENNSYLVANIA,42,CORN,"CORN, GRAIN - PRICE RECEIVED, MEASURED IN $ / BU",TOTAL,NOT SPECIFIED,7.124166667
SURVEY,2011,YEAR,STATE,SOUTH DAKOTA,46,CORN,"CORN, GRAIN - PRICE RECEIVED, MEASURED IN $ / BU",TOTAL,NOT SPECIFIED,5.831666667
SURVEY,2011,YEAR,STATE,TENNESSEE,47,CORN,"CORN, GRAIN - PRICE RECEIVED, MEASURED IN $ / BU",TOTAL,NOT SPECIFIED,6.2625
SURVEY,2011,YEAR,STATE,TEXAS,48,CORN,"CORN, GRAIN - PRICE RECEIVED, MEASURED IN $ / BU",TOTAL,NOT SPECIFIED,6.381666667
SURVEY,2011,YEAR,STATE,WISCONSIN,55,CORN,"CORN, GRAIN - PRICE RECEIVED, MEASURED IN $ / BU",TOTAL,NOT SPECIFIED,6.048333333
SURVEY,2010,YEAR,STATE,COLORADO,8,CORN,"CORN, GRAIN - PRICE RECEIVED, MEASURED IN $ / BU",TOTAL,NOT SPECIFIED,3.793333333
SURVEY,2010,YEAR,STATE,ILLINOIS,17,CORN,"CORN, GRAIN - PRICE RECEIVED, MEASURED IN $ / BU",TOTAL,NOT SPECIFIED,3.851666667
SURVEY,2010,YEAR,STATE,INDIANA,18,CORN,"CORN, GRAIN - PRICE RECEIVED, MEASURED IN $ / BU",TOTAL,NOT SPECIFIED,3.983333333
SURVEY,2010,YEAR,STATE,IOWA,19,CORN,"CORN, GRAIN - PRICE RECEIVED, MEASURED IN $ / BU",TOTAL,NOT SPECIFIED,3.858333333
SURVEY,2010,YEAR,STATE,KANSAS,20,CORN,"CORN, GRAIN - PRICE RECEIVED, MEASURED IN $ / BU",TOTAL,NOT SPECIFIED,3.828333333
SURVEY,2010,YEAR,STATE,KENTUCKY,21,CORN,"CORN, GRAIN - PRICE RECEIVED, MEASURED IN $ / BU",TOTAL,NOT SPECIFIED,4.073333333
SURVEY,2010,YEAR,STATE,MICHIGAN,26,CORN,"CORN, GRAIN - PRICE RECEIVED, MEASURED IN $ / BU",TOTAL,NOT SPECIFIED,3.8575
SURVEY,2010,YEAR,STATE,MINNESOTA,27,CORN,"CORN, GRAIN - PRICE RECEIVED, MEASURED IN $ / BU",TOTAL,NOT SPECIFIED,3.635
SURVEY,2010,YEAR,STATE,MISSOURI,29,CORN,"CORN, GRAIN - PRICE RECEIVED, MEASURED IN $ / BU",TOTAL,NOT SPECIFIED,3.939166667
SURVEY,2010,YEAR,STATE,NEBRASKA,31,CORN,"CORN, GRAIN - PRICE RECEIVED, MEASURED IN $ / BU",TOTAL,NOT SPECIFIED,3.8325
SURVEY,2010,YEAR,STATE,NORTH CAROLINA,37,CORN,"CORN, GRAIN - PRICE RECEIVED, MEASURED IN $ / BU",TOTAL,NOT SPECIFIED,4.514166667
SURVEY,2010,YEAR,STATE,NORTH DAKOTA,38,CORN,"CORN, GRAIN - PRICE RECEIVED, MEASURED IN $ / BU",TOTAL,NOT SPECIFIED,3.446666667
SURVEY,2010,YEAR,STATE,OHIO,39,CORN,"CORN, GRAIN - PRICE RECEIVED, MEASURED IN $ / BU",TOTAL,NOT SPECIFIED,3.919166667
SURVEY,2010,YEAR,STATE,PENNSYLVANIA,42,CORN,"CORN, GRAIN - PRICE RECEIVED, MEASURED IN $ / BU",TOTAL,NOT SPECIFIED,4.42
SURVEY,2010,YEAR,STATE,SOUTH DAKOTA,46,CORN,"CORN, GRAIN - PRICE RECEIVED, MEASURED IN $ / BU",TOTAL,NOT SPECIFIED,3.485
SURVEY,2010,YEAR,STATE,TENNESSEE,47,CORN,"CORN, GRAIN - PRICE RECEIVED, MEASURED IN $ / BU",TOTAL,NOT SPECIFIED,4.120833333
SURVEY,2010,YEAR,STATE,TEXAS,48,CORN,"CORN, GRAIN - PRICE RECEIVED, MEASURED IN $ / BU",TOTAL,NOT SPECIFIED,4.096666667
SURVEY,2010,YEAR,STATE,WISCONSIN,55,CORN,"CORN, GRAIN - PRICE RECEIVED, MEASURED IN $ / BU",TOTAL,NOT SPECIFIED,3.738333333
